S_No,Req,Label
1,R1,1
2,R2,1
3,R3,3
4,R4,2
5,R5,3
6,R6,1
7,R7,1
8,R8,1
9,R9,1
10,R10,1
11,R11,1
12,R12,1
13,R13,1
14,R14,3
15,R15,2
16,R16,2
17,R17,1
18,R18,3
19,R19,3
20,R20,3
21,R21,3
22,R22,2
23,R23,2
24,R24,3
25,R25,2
26,R26,3
27,R27,1
28,R28,3
29,R29,3
30,R30,3
31,R31,3
32,R32,1
33,R33,1
34,R34,3
35,R35,3
36,R36,3
37,R37,1
38,R38,2
39,R39,3
40,R40,3
41,R41,3
42,R42,2
43,R43,3
44,R44,2
45,R45,2
46,R46,2
47,R47,3
48,R48,3
49,R49,3
50,R50,1
51,R51,3
52,R52,3
53,R53,2
54,R54,2
55,R55,1
56,R56,3
57,R57,2
58,R58,3
59,R59,2
60,R60,3
61,R61,3
62,R62,3
63,R63,1
64,R64,1
65,R65,1
66,R66,1
67,R67,1
68,R68,1
69,R69,1
70,R70,1
71,R71,1
72,R72,1
73,R73,1
74,R74,1
75,R75,1
76,R76,1
77,R77,1
78,R78,1
79,R79,1
80,R80,1
81,R81,1
82,R82,1
83,R83,1
84,R84,1
85,R85,1
86,R86,1
87,R87,1
88,R88,1
89,R89,1
90,R90,1
91,R91,1
92,R92,1
93,R93,1
94,R94,1
95,R95,1
96,R96,1
97,R97,1
98,R98,1
99,R99,1
100,R100,1
101,R101,1
102,R102,1
103,R103,1
104,R104,1
105,R105,1
106,R106,1
107,R107,1
108,R108,1
109,R109,1
110,R110,1
111,R111,1
112,R112,1
113,R113,1
114,R114,1
115,R115,1
116,R116,1
117,R117,1
118,R118,1
119,R119,1
120,R120,1
121,R121,1
122,R122,1
123,R123,1
124,R124,1
125,R125,1
126,R126,1
127,R127,1
128,R128,1
129,R129,1
130,R130,1
131,R131,1
132,R132,1
133,R133,1
134,R134,1
135,R135,1
136,R136,1
137,R137,1
138,R138,1
139,R139,1
140,R140,1
141,R141,1
142,R142,1
143,R143,1
144,R144,1
145,R145,1
146,R146,1
147,R147,1
148,R148,1
149,R149,1
150,R150,1
151,R151,1
152,R152,1
153,R153,1
154,R154,1
155,R155,1
156,R156,1
157,R157,1
158,R158,1
159,R159,1
160,R160,1
161,R161,1
162,R162,2
163,R163,3
164,R164,3
165,R165,1
166,R166,1
167,R167,1
168,R168,1
169,R169,1
170,R170,1
171,R171,1
172,R172,1
173,R173,1
174,R174,1
175,R175,1
176,R176,1
177,R177,1
178,R178,1
179,R179,1
180,R180,1
181,R181,1
182,R182,1
183,R183,1
