Req,Label
R1,1
R2,1
R3,3
R4,2
R5,3
R6,1
R7,1
R8,1
R9,1
R10,1
R11,1
R12,1
R13,1
R14,3
R15,2
R16,2
R17,1
R18,3
R19,3
R20,3
R21,3
R22,2
R23,2
R24,3
R25,2
R26,3
R27,1
R28,3
R29,3
R30,3
R31,3
R32,1
R33,1
R34,3
R35,3
R36,3
R37,1
R38,2
R39,3
R40,3
R41,3
R42,2
R43,3
R44,2
R45,2
R46,2
R47,3
R48,3
R49,3
R50,1
R51,3
R52,3
R53,2
R54,2
R55,1
R56,3
R57,2
R58,3
R59,2
R60,3
R61,3
R62,3
R63,1
R64,1
R65,1
R66,1
R67,1
R68,1
R69,1
R70,1
R71,1
R72,1
R73,1
R74,1
R75,1
R76,1
R77,1
R78,1
R79,1
R80,1
R81,1
R82,1
R83,1
R84,1
R85,1
R86,1
R87,1
R88,1
R89,1
R90,1
R91,1
R92,1
R93,1
R94,1
R95,1
R96,1
R97,1
R98,1
R99,1
R100,1
R101,1
R102,1
R103,1
R104,1
R105,1
R106,1
R107,1
R108,1
R109,1
R110,1
R111,1
R112,1
R113,1
R114,1
R115,1
R116,1
R117,1
R118,1
R119,1
R120,1
R121,1
R122,1
R123,1
R124,1
R125,1
R126,1
R127,1
R128,1
R129,1
R130,1
R131,1
R132,1
R133,1
R134,1
R135,1
R136,1
R137,1
R138,1
R139,1
R140,1
R141,1
R142,1
R143,1
R144,1
R145,1
R146,1
R147,1
R148,1
R149,1
R150,1
R151,1
R152,1
R153,1
R154,1
R155,1
R156,1
R157,1
R158,1
R159,1
R160,1
R161,1
R162,2
R163,3
R164,3
R165,1
R166,1
R167,1
R168,1
R169,1
R170,1
R171,1
R172,1
R173,1
R174,1
R175,1
R176,1
R177,1
R178,1
R179,1
R180,1
R181,1
R182,1
R183,1
